{
  "test/integration/opaTests.qunit.js.map": 1732705617758,
  "Component.js": 1732705423952,
  "test/integration/pages/ProductsList.js": 1732705423980,
  "test/integration/opaTests.qunit.js": 1732705423976,
  "test/integration/FirstJourney.js": 1732705423984,
  "test/testsuite.qunit.js": 1732705423968,
  "xs-app.json": 1732705604000,
  "manifest.json": 1732705604020,
  "test/integration/pages/ProductsObjectPage.js": 1732705423980,
  "test/testsuite.qunit-dbg.js": 1732705423968,
  "test/testsuite.qunit.js.map": 1732705617746,
  "test/integration/pages/ProductsList-dbg.js": 1732705423980,
  "test/integration/pages/ProductsList.js.map": 1732705617757,
  "test/integration/opaTests.qunit-dbg.js": 1732705423976,
  "i18n/i18n.properties": 1732705427496,
  "test/integration/FirstJourney-dbg.js": 1732705423984,
  "test/integration/FirstJourney.js.map": 1732705617748,
  "Component-dbg.js": 1732705423952,
  "Component.js.map": 1732705617750,
  "test/integration/pages/ProductsObjectPage-dbg.js": 1732705423980,
  "test/integration/pages/ProductsObjectPage.js.map": 1732705617750,
  "Component-preload.js": 1732705617815,
  "Component-preload.js.map": 1732705617815,
  "test/integration/opaTests.qunit.html": 1732705423976,
  "test/testsuite.qunit.html": 1732705423968,
  "test/flpSandbox.html": 1732705423968,
  "index.html": 1732705423952
}